<?xml version="1.0" encoding="utf-8" standalone="yes"?>
<rss version="2.0" xmlns:atom="http://www.w3.org/2005/Atom" xmlns:content="http://purl.org/rss/1.0/modules/content/">
  <channel>
    <title>“FutureOfWork” on Odasnac</title>
    <link>https://odasnac.com/tags/futureofwork/</link>
    <description>Recent content in “FutureOfWork” on Odasnac</description>
    <image>
      <url>https://odasnac.com/%3Clink%20or%20path%20of%20image%20for%20opengraph,%20twitter-cards%3E</url>
      <link>https://odasnac.com/%3Clink%20or%20path%20of%20image%20for%20opengraph,%20twitter-cards%3E</link>
    </image>
    <generator>Hugo -- gohugo.io</generator><atom:link href="https://odasnac.com/tags/futureofwork/index.xml" rel="self" type="application/rss+xml" />
    <item>
      <title>Tu Trabajo va a desaparecer</title>
      <link>https://odasnac.com/tu-trabajo/</link>
      <pubDate>Mon, 01 Jan 0001 00:00:00 +0000</pubDate>
      
      <guid>https://odasnac.com/tu-trabajo/</guid>
      <description>¿La tecnología crea o destruye empleos? En un mundo de robots, ¿qué trabajo haremos las personas? ¿Deben los robots pagar impuestos? ¿Es viable una Renta Básica Universal? ¿Para qué futuro preparamos a nuestros hijos? Tu trabajo va a desaparecer no es una profecía, sino un reflejo de la realidad donde nuevos trabajos emergen al tiempo que otros desaparecen y otros son reemplazados por la automatización. El libro ofrece datos, reflexiones y nuevas perspectivas sobre el futuro del trabajo:</description>
    </item>
    
  </channel>
</rss>
