<?xml version="1.0" encoding="utf-8" standalone="yes"?>
<rss version="2.0" xmlns:atom="http://www.w3.org/2005/Atom" xmlns:content="http://purl.org/rss/1.0/modules/content/">
  <channel>
    <title>Odasnac</title>
    <link>https://odasnac.com/</link>
    <description>Recent content on Odasnac</description>
    <image>
      <url>https://odasnac.com/%3Clink%20or%20path%20of%20image%20for%20opengraph,%20twitter-cards%3E</url>
      <link>https://odasnac.com/%3Clink%20or%20path%20of%20image%20for%20opengraph,%20twitter-cards%3E</link>
    </image>
    <generator>Hugo -- gohugo.io</generator><atom:link href="https://odasnac.com/index.xml" rel="self" type="application/rss+xml" />
    <item>
      <title>La Cuarta Revolución Industrial o la Economía de la Innovación</title>
      <link>https://odasnac.com/en/posts/la-cuarta-revolucion-industrial/</link>
      <pubDate>Mon, 01 Jan 0001 00:00:00 +0000</pubDate>
      
      <guid>https://odasnac.com/en/posts/la-cuarta-revolucion-industrial/</guid>
      <description>En 1990, los tres principales fabricantes de automóviles en Detroit tenían de forma combinada:
capitalización bursátil de 36 billones de dólares (“billones americanos” de 1.000 millones) ingresos de 250.000 millones de dólares 1,2 millones de empleados, con alrededor de un 5% de ellos dedicados a innovación En 2014, las tres principales compañías en Silicon Valley suman entre ellas:
capitalización 30 veces superior: más de 1.000 billones de dólares! prácticamente los mismos ingresos: 247.</description>
    </item>
    
    <item>
      <title>La Cuarta Revolución Industrial o la Economía de la Innovación</title>
      <link>https://odasnac.com/posts/la-cuarta-revolucion-industrial/</link>
      <pubDate>Mon, 01 Jan 0001 00:00:00 +0000</pubDate>
      
      <guid>https://odasnac.com/posts/la-cuarta-revolucion-industrial/</guid>
      <description>En 1990, los tres principales fabricantes de automóviles en Detroit tenían de forma combinada:
capitalización bursátil de 36 billones de dólares (“billones americanos” de 1.000 millones) ingresos de 250.000 millones de dólares 1,2 millones de empleados, con alrededor de un 5% de ellos dedicados a innovación En 2014, las tres principales compañías en Silicon Valley suman entre ellas:
capitalización 30 veces superior: más de 1.000 billones de dólares! prácticamente los mismos ingresos: 247.</description>
    </item>
    
    <item>
      <title>Todo Sobresaliente</title>
      <link>https://odasnac.com/todo-sobresaliente/</link>
      <pubDate>Mon, 01 Jan 0001 00:00:00 +0000</pubDate>
      
      <guid>https://odasnac.com/todo-sobresaliente/</guid>
      <description>Todo Sobresaliente
Todo el mundo puede sacar sobresalientes
Todo Sobresaliente son las memorias de un niño que sacaba buenas notas. Una oportunidad para profesores y padres para saber qué valora en ellos un estudiante de todo sobresaliente.
¿Cómo perciben los alumnos a los profesores?
“No todos los profesores han sido buenos estudiantes, ni creo que todos tengan claro qué valoran en ellos sus discípulos.”
¿Cuál es el papel de los padres en las buenas notas de sus hijos?</description>
    </item>
    
    <item>
      <title>Tu Trabajo va a desaparecer</title>
      <link>https://odasnac.com/en/posts/tu-trabajo-va-a-desaparecer/</link>
      <pubDate>Mon, 01 Jan 0001 00:00:00 +0000</pubDate>
      
      <guid>https://odasnac.com/en/posts/tu-trabajo-va-a-desaparecer/</guid>
      <description>¿La tecnología crea o destruye empleos? En un mundo de robots, ¿qué trabajo haremos las personas? ¿Deben los robots pagar impuestos? ¿Es viable una Renta Básica Universal? ¿Para qué futuro preparamos a nuestros hijos? Tu trabajo va a desaparecer no es una profecía, sino un reflejo de la realidad donde nuevos trabajos emergen al tiempo que otros desaparecen y otros son reemplazados por la automatización. El libro ofrece datos, reflexiones y nuevas perspectivas sobre el futuro del trabajo:</description>
    </item>
    
    <item>
      <title>Tu Trabajo va a desaparecer</title>
      <link>https://odasnac.com/posts/tu-trabajo-va-a-desaparecer/</link>
      <pubDate>Mon, 01 Jan 0001 00:00:00 +0000</pubDate>
      
      <guid>https://odasnac.com/posts/tu-trabajo-va-a-desaparecer/</guid>
      <description>¿La tecnología crea o destruye empleos? En un mundo de robots, ¿qué trabajo haremos las personas? ¿Deben los robots pagar impuestos? ¿Es viable una Renta Básica Universal? ¿Para qué futuro preparamos a nuestros hijos? Tu trabajo va a desaparecer no es una profecía, sino un reflejo de la realidad donde nuevos trabajos emergen al tiempo que otros desaparecen y otros son reemplazados por la automatización. El libro ofrece datos, reflexiones y nuevas perspectivas sobre el futuro del trabajo:</description>
    </item>
    
    <item>
      <title>Tu Trabajo va a desaparecer</title>
      <link>https://odasnac.com/tu-trabajo/</link>
      <pubDate>Mon, 01 Jan 0001 00:00:00 +0000</pubDate>
      
      <guid>https://odasnac.com/tu-trabajo/</guid>
      <description>¿La tecnología crea o destruye empleos? En un mundo de robots, ¿qué trabajo haremos las personas? ¿Deben los robots pagar impuestos? ¿Es viable una Renta Básica Universal? ¿Para qué futuro preparamos a nuestros hijos? Tu trabajo va a desaparecer no es una profecía, sino un reflejo de la realidad donde nuevos trabajos emergen al tiempo que otros desaparecen y otros son reemplazados por la automatización. El libro ofrece datos, reflexiones y nuevas perspectivas sobre el futuro del trabajo:</description>
    </item>
    
  </channel>
</rss>
