<?xml version="1.0" encoding="utf-8" standalone="yes"?>
<rss version="2.0" xmlns:atom="http://www.w3.org/2005/Atom" xmlns:content="http://purl.org/rss/1.0/modules/content/">
  <channel>
    <title>Tags on Odasnac</title>
    <link>https://odasnac.com/tags/</link>
    <description>Recent content in Tags on Odasnac</description>
    <image>
      <url>https://odasnac.com/%3Clink%20or%20path%20of%20image%20for%20opengraph,%20twitter-cards%3E</url>
      <link>https://odasnac.com/%3Clink%20or%20path%20of%20image%20for%20opengraph,%20twitter-cards%3E</link>
    </image>
    <generator>Hugo -- gohugo.io</generator><atom:link href="https://odasnac.com/tags/index.xml" rel="self" type="application/rss+xml" />
    <item>
      <title>“ebook”</title>
      <link>https://odasnac.com/tags/ebook/</link>
      <pubDate>Mon, 01 Jan 0001 00:00:00 +0000</pubDate>
      
      <guid>https://odasnac.com/tags/ebook/</guid>
      <description></description>
    </item>
    
    <item>
      <title>“FutureOfWork”</title>
      <link>https://odasnac.com/tags/futureofwork/</link>
      <pubDate>Mon, 01 Jan 0001 00:00:00 +0000</pubDate>
      
      <guid>https://odasnac.com/tags/futureofwork/</guid>
      <description></description>
    </item>
    
    <item>
      <title>“libro”</title>
      <link>https://odasnac.com/tags/libro/</link>
      <pubDate>Mon, 01 Jan 0001 00:00:00 +0000</pubDate>
      
      <guid>https://odasnac.com/tags/libro/</guid>
      <description></description>
    </item>
    
    <item>
      <title>“memorias”</title>
      <link>https://odasnac.com/tags/memorias/</link>
      <pubDate>Mon, 01 Jan 0001 00:00:00 +0000</pubDate>
      
      <guid>https://odasnac.com/tags/memorias/</guid>
      <description></description>
    </item>
    
  </channel>
</rss>
