<?xml version="1.0" encoding="utf-8" standalone="yes"?>
<rss version="2.0" xmlns:atom="http://www.w3.org/2005/Atom" xmlns:content="http://purl.org/rss/1.0/modules/content/">
  <channel>
    <title>“memorias” on Odasnac</title>
    <link>https://odasnac.com/tags/memorias/</link>
    <description>Recent content in “memorias” on Odasnac</description>
    <image>
      <url>https://odasnac.com/%3Clink%20or%20path%20of%20image%20for%20opengraph,%20twitter-cards%3E</url>
      <link>https://odasnac.com/%3Clink%20or%20path%20of%20image%20for%20opengraph,%20twitter-cards%3E</link>
    </image>
    <generator>Hugo -- gohugo.io</generator><atom:link href="https://odasnac.com/tags/memorias/index.xml" rel="self" type="application/rss+xml" />
    <item>
      <title>Todo Sobresaliente</title>
      <link>https://odasnac.com/todo-sobresaliente/</link>
      <pubDate>Mon, 01 Jan 0001 00:00:00 +0000</pubDate>
      
      <guid>https://odasnac.com/todo-sobresaliente/</guid>
      <description>Todo Sobresaliente
Todo el mundo puede sacar sobresalientes
Todo Sobresaliente son las memorias de un niño que sacaba buenas notas. Una oportunidad para profesores y padres para saber qué valora en ellos un estudiante de todo sobresaliente.
¿Cómo perciben los alumnos a los profesores?
“No todos los profesores han sido buenos estudiantes, ni creo que todos tengan claro qué valoran en ellos sus discípulos.”
¿Cuál es el papel de los padres en las buenas notas de sus hijos?</description>
    </item>
    
  </channel>
</rss>
